30.0, 38.0, 90.0
30.0, 38.0, 90.0
30.0, 38.0, 90.0
30.0, 39.0, 91.0
29.0, 39.0, 91.0
29.0, 39.0, 91.0
29.0, 39.0, 91.0
29.0, 39.0, 92.0
29.0, 39.0, 92.0
29.0, 40.0, 92.0
28.0, 40.0, 92.0
28.0, 40.0, 93.0
28.0, 40.0, 93.0
28.0, 40.0, 93.0
28.0, 41.0, 93.0
27.0, 41.0, 94.0
27.0, 41.0, 94.0
27.0, 41.0, 94.0
27.0, 41.0, 94.0
27.0, 41.0, 94.0
27.0, 42.0, 95.0
26.0, 42.0, 95.0
26.0, 42.0, 95.0
26.0, 42.0, 95.0
26.0, 42.0, 96.0
25.0, 43.0, 96.0
25.0, 43.0, 96.0
25.0, 43.0, 96.0
25.0, 43.0, 97.0
25.0, 43.0, 97.0
24.0, 43.0, 97.0
24.0, 44.0, 97.0
24.0, 44.0, 97.0
24.0, 44.0, 98.0
23.0, 44.0, 98.0
23.0, 44.0, 98.0
23.0, 45.0, 98.0
23.0, 45.0, 99.0
22.0, 45.0, 99.0
22.0, 45.0, 99.0
22.0, 45.0, 99.0
22.0, 46.0, 100.0
21.0, 46.0, 100.0
21.0, 46.0, 100.0
21.0, 46.0, 100.0
21.0, 46.0, 100.0
20.0, 46.0, 101.0
20.0, 47.0, 101.0
20.0, 47.0, 101.0
19.0, 47.0, 101.0
19.0, 47.0, 102.0
19.0, 47.0, 102.0
19.0, 48.0, 102.0
18.0, 48.0, 102.0
18.0, 48.0, 103.0
18.0, 48.0, 103.0
17.0, 48.0, 103.0
17.0, 49.0, 103.0
17.0, 49.0, 103.0
16.0, 49.0, 104.0
16.0, 49.0, 104.0
15.0, 49.0, 104.0
15.0, 50.0, 104.0
15.0, 50.0, 105.0
14.0, 50.0, 105.0
14.0, 50.0, 105.0
13.0, 50.0, 105.0
13.0, 50.0, 106.0
13.0, 51.0, 106.0
12.0, 51.0, 106.0
12.0, 51.0, 106.0
11.0, 51.0, 106.0
11.0, 51.0, 107.0
10.0, 52.0, 107.0
10.0, 52.0, 107.0
9.0, 52.0, 107.0
9.0, 52.0, 108.0
8.0, 52.0, 108.0
8.0, 53.0, 108.0
7.0, 53.0, 108.0
7.0, 53.0, 108.0
6.0, 53.0, 109.0
5.0, 53.0, 109.0
5.0, 54.0, 109.0
4.0, 54.0, 109.0
4.0, 54.0, 110.0
3.0, 54.0, 110.0
3.0, 54.0, 110.0
2.0, 55.0, 110.0
2.0, 55.0, 110.0
1.0, 55.0, 111.0
1.0, 55.0, 111.0
-0.0, 55.0, 111.0
-1.0, 56.0, 111.0
-1.0, 56.0, 112.0
-2.0, 56.0, 112.0
-2.0, 56.0, 112.0
-3.0, 56.0, 112.0
-3.0, 57.0, 112.0
-4.0, 57.0, 113.0
-4.0, 57.0, 113.0
-5.0, 57.0, 113.0
-6.0, 57.0, 113.0
-6.0, 57.0, 114.0
-7.0, 58.0, 114.0
-7.0, 58.0, 114.0
-8.0, 58.0, 114.0
-8.0, 58.0, 114.0
-9.0, 58.0, 115.0
-10.0, 59.0, 115.0
-10.0, 59.0, 115.0
-11.0, 59.0, 115.0
-11.0, 59.0, 115.0
-12.0, 59.0, 116.0
-13.0, 60.0, 116.0
-13.0, 60.0, 116.0
-14.0, 60.0, 116.0
-14.0, 60.0, 117.0
-15.0, 60.0, 117.0
-15.0, 61.0, 117.0
-16.0, 61.0, 117.0
-17.0, 61.0, 117.0
-17.0, 61.0, 118.0
-18.0, 61.0, 118.0
-18.0, 62.0, 118.0
-19.0, 62.0, 118.0
-20.0, 62.0, 118.0
-20.0, 62.0, 119.0
-21.0, 63.0, 119.0
-21.0, 63.0, 119.0
-22.0, 63.0, 119.0
-23.0, 63.0, 120.0
-23.0, 63.0, 120.0
-24.0, 64.0, 120.0
-24.0, 64.0, 120.0
-25.0, 64.0, 120.0
-26.0, 64.0, 121.0
-26.0, 64.0, 121.0
-27.0, 65.0, 121.0
-27.0, 65.0, 121.0
-28.0, 65.0, 121.0
-29.0, 65.0, 122.0
-29.0, 65.0, 122.0
-30.0, 66.0, 122.0
-30.0, 66.0, 122.0
-31.0, 66.0, 122.0
-32.0, 66.0, 123.0
-32.0, 66.0, 123.0
-33.0, 67.0, 123.0
-34.0, 67.0, 123.0
-34.0, 67.0, 123.0
-35.0, 67.0, 124.0
-35.0, 67.0, 124.0
-36.0, 68.0, 124.0
-37.0, 68.0, 124.0
-37.0, 68.0, 124.0
-38.0, 68.0, 125.0
-38.0, 68.0, 125.0
-39.0, 69.0, 125.0
-40.0, 69.0, 125.0
-40.0, 69.0, 125.0
-41.0, 69.0, 126.0
-41.0, 69.0, 126.0
-42.0, 70.0, 126.0
-43.0, 70.0, 126.0
-43.0, 70.0, 126.0
-44.0, 70.0, 127.0
-45.0, 71.0, 127.0
-45.0, 71.0, 127.0
-46.0, 71.0, 127.0
-46.0, 71.0, 127.0
-47.0, 71.0, 128.0
-48.0, 72.0, 128.0
-48.0, 72.0, 128.0
-49.0, 72.0, 128.0
-49.0, 72.0, 128.0
-50.0, 72.0, 129.0
-51.0, 73.0, 129.0
-51.0, 73.0, 129.0
-52.0, 73.0, 129.0
-53.0, 73.0, 129.0
-53.0, 73.0, 130.0
-54.0, 74.0, 130.0
-54.0, 74.0, 130.0
-55.0, 74.0, 130.0
-56.0, 74.0, 130.0
-56.0, 74.0, 131.0
-57.0, 75.0, 131.0
-57.0, 75.0, 131.0
-58.0, 75.0, 131.0
-59.0, 75.0, 131.0
-59.0, 76.0, 132.0
-60.0, 76.0, 132.0
-60.0, 76.0, 132.0
-61.0, 76.0, 132.0
-62.0, 76.0, 132.0
-62.0, 77.0, 132.0
-63.0, 77.0, 133.0
-63.0, 77.0, 133.0
-64.0, 77.0, 133.0
-65.0, 77.0, 133.0
-65.0, 78.0, 133.0
-66.0, 78.0, 134.0
-66.0, 78.0, 134.0
-67.0, 78.0, 134.0
-68.0, 78.0, 134.0
-68.0, 79.0, 134.0
-69.0, 79.0, 135.0
-69.0, 79.0, 135.0
-70.0, 79.0, 135.0
-71.0, 80.0, 135.0
-71.0, 80.0, 135.0
-72.0, 80.0, 135.0
-72.0, 80.0, 136.0
-73.0, 80.0, 136.0
-73.0, 81.0, 136.0
-74.0, 81.0, 136.0
-75.0, 81.0, 136.0
-75.0, 81.0, 136.0
-76.0, 81.0, 137.0
-76.0, 82.0, 137.0
-77.0, 82.0, 137.0
-77.0, 82.0, 137.0
-78.0, 82.0, 137.0
-79.0, 83.0, 138.0
-79.0, 83.0, 138.0
-80.0, 83.0, 138.0
-80.0, 83.0, 138.0
-81.0, 83.0, 138.0
-81.0, 84.0, 138.0
-82.0, 84.0, 139.0
-83.0, 84.0, 139.0
-83.0, 84.0, 139.0
-84.0, 84.0, 139.0
-84.0, 85.0, 139.0
-85.0, 85.0, 139.0
-85.0, 85.0, 140.0
-86.0, 85.0, 140.0
-86.0, 86.0, 140.0
-87.0, 86.0, 140.0
-87.0, 86.0, 140.0
-88.0, 86.0, 140.0
-88.0, 86.0, 141.0
-89.0, 87.0, 141.0
-90.0, 87.0, 141.0
-90.0, 87.0, 141.0
-91.0, 87.0, 141.0
-91.0, 87.0, 141.0
-92.0, 88.0, 142.0
-92.0, 88.0, 142.0
-93.0, 88.0, 142.0
-93.0, 88.0, 142.0
-94.0, 89.0, 142.0
-94.0, 89.0, 142.0
-95.0, 89.0, 143.0
-95.0, 89.0, 143.0
-96.0, 89.0, 143.0
-96.0, 90.0, 143.0
-97.0, 90.0, 143.0
-97.0, 90.0, 143.0
-98.0, 90.0, 144.0
-98.0, 91.0, 144.0
-99.0, 91.0, 144.0
-99.0, 91.0, 144.0
-100.0, 91.0, 144.0
-100.0, 91.0, 144.0
-100.0, 92.0, 145.0
-101.0, 92.0, 145.0
-101.0, 92.0, 145.0
-102.0, 92.0, 145.0
-102.0, 92.0, 145.0
-103.0, 93.0, 145.0
-103.0, 93.0, 146.0
-104.0, 93.0, 146.0
-104.0, 93.0, 146.0
-105.0, 94.0, 146.0
-105.0, 94.0, 146.0
-105.0, 94.0, 146.0
-106.0, 94.0, 146.0
-106.0, 94.0, 147.0
-107.0, 95.0, 147.0
-107.0, 95.0, 147.0
-108.0, 95.0, 147.0
-108.0, 95.0, 147.0
-108.0, 96.0, 147.0
-109.0, 96.0, 147.0
-109.0, 96.0, 148.0
-110.0, 96.0, 148.0
-110.0, 96.0, 148.0
-110.0, 97.0, 148.0
-111.0, 97.0, 148.0
-111.0, 97.0, 148.0
-111.0, 97.0, 149.0
-112.0, 97.0, 149.0
-112.0, 98.0, 149.0
-113.0, 98.0, 149.0
-113.0, 98.0, 149.0
-113.0, 98.0, 149.0
-114.0, 99.0, 149.0
-114.0, 99.0, 150.0
-114.0, 99.0, 150.0
-115.0, 99.0, 150.0
-115.0, 99.0, 150.0
-115.0, 100.0, 150.0
-116.0, 100.0, 150.0
-116.0, 100.0, 150.0
-116.0, 100.0, 151.0
-117.0, 101.0, 151.0
-117.0, 101.0, 151.0
-117.0, 101.0, 151.0
-118.0, 101.0, 151.0
-118.0, 101.0, 151.0
-118.0, 102.0, 151.0
-118.0, 102.0, 151.0
-119.0, 102.0, 152.0
-119.0, 102.0, 152.0
-119.0, 103.0, 152.0
-120.0, 103.0, 152.0
-120.0, 103.0, 152.0
-120.0, 103.0, 152.0
-120.0, 103.0, 152.0
-121.0, 104.0, 153.0
-121.0, 104.0, 153.0
-121.0, 104.0, 153.0
-121.0, 104.0, 153.0
-121.0, 105.0, 153.0
-122.0, 105.0, 153.0
-122.0, 105.0, 153.0
-122.0, 105.0, 153.0
-122.0, 105.0, 154.0
-123.0, 106.0, 154.0
-123.0, 106.0, 154.0
-123.0, 106.0, 154.0
-123.0, 106.0, 154.0
-123.0, 106.0, 154.0
-123.0, 107.0, 154.0
-124.0, 107.0, 154.0
-124.0, 107.0, 155.0
-124.0, 107.0, 155.0
-124.0, 108.0, 155.0
-124.0, 108.0, 155.0
-124.0, 108.0, 155.0
-125.0, 108.0, 155.0
-125.0, 108.0, 155.0
-125.0, 109.0, 155.0
-125.0, 109.0, 156.0
-125.0, 109.0, 156.0
-125.0, 109.0, 156.0
-125.0, 110.0, 156.0
-125.0, 110.0, 156.0
-125.0, 110.0, 156.0
-125.0, 110.0, 156.0
-126.0, 110.0, 156.0
-126.0, 111.0, 157.0
-126.0, 111.0, 157.0
-126.0, 111.0, 157.0
-126.0, 111.0, 157.0
-126.0, 112.0, 157.0
-126.0, 112.0, 157.0
-126.0, 112.0, 157.0
-126.0, 112.0, 157.0
-126.0, 112.0, 158.0
-126.0, 113.0, 158.0
-126.0, 113.0, 158.0
-126.0, 113.0, 158.0
-126.0, 113.0, 158.0
-126.0, 114.0, 158.0
-126.0, 114.0, 158.0
-126.0, 114.0, 158.0
-126.0, 114.0, 158.0
-126.0, 114.0, 159.0
-126.0, 115.0, 159.0
-126.0, 115.0, 159.0
-126.0, 115.0, 159.0
-126.0, 115.0, 159.0
-126.0, 116.0, 159.0
-125.0, 116.0, 159.0
-125.0, 116.0, 159.0
-125.0, 116.0, 159.0
-125.0, 116.0, 160.0
-125.0, 117.0, 160.0
-125.0, 117.0, 160.0
-125.0, 117.0, 160.0
-125.0, 117.0, 160.0
-125.0, 118.0, 160.0
-124.0, 118.0, 160.0
-124.0, 118.0, 160.0
-124.0, 118.0, 160.0
-124.0, 118.0, 160.0
-124.0, 119.0, 161.0
-124.0, 119.0, 161.0
-123.0, 119.0, 161.0
-123.0, 119.0, 161.0
-123.0, 120.0, 161.0
-123.0, 120.0, 161.0
-123.0, 120.0, 161.0
-122.0, 120.0, 161.0
-122.0, 120.0, 161.0
-122.0, 121.0, 162.0
-122.0, 121.0, 162.0
-121.0, 121.0, 162.0
-121.0, 121.0, 162.0
-121.0, 121.0, 162.0
-120.0, 122.0, 162.0
-120.0, 122.0, 162.0
-120.0, 122.0, 162.0
-120.0, 122.0, 162.0
-119.0, 123.0, 162.0
-119.0, 123.0, 162.0
-119.0, 123.0, 163.0
-118.0, 123.0, 163.0
-118.0, 123.0, 163.0
-117.0, 124.0, 163.0
-117.0, 124.0, 163.0
-117.0, 124.0, 163.0
-116.0, 124.0, 163.0
-116.0, 125.0, 163.0
-116.0, 125.0, 163.0
-115.0, 125.0, 163.0
-115.0, 125.0, 164.0
-114.0, 125.0, 164.0
-114.0, 126.0, 164.0
-113.0, 126.0, 164.0
-113.0, 126.0, 164.0
-112.0, 126.0, 164.0
-112.0, 127.0, 164.0
-112.0, 127.0, 164.0
-111.0, 127.0, 164.0
-111.0, 127.0, 164.0
-110.0, 127.0, 164.0
-110.0, 128.0, 165.0
-109.0, 128.0, 165.0
-108.0, 128.0, 165.0
-108.0, 128.0, 165.0
-107.0, 129.0, 165.0
-107.0, 129.0, 165.0
-106.0, 129.0, 165.0
-106.0, 129.0, 165.0
-105.0, 129.0, 165.0
-104.0, 130.0, 165.0
-104.0, 130.0, 165.0
-103.0, 130.0, 165.0
-103.0, 130.0, 166.0
-102.0, 130.0, 166.0
-101.0, 131.0, 166.0
-101.0, 131.0, 166.0
-100.0, 131.0, 166.0
-99.0, 131.0, 166.0
-99.0, 132.0, 166.0
-98.0, 132.0, 166.0
-97.0, 132.0, 166.0
-96.0, 132.0, 166.0
-96.0, 132.0, 166.0
-95.0, 133.0, 166.0
-94.0, 133.0, 167.0
-93.0, 133.0, 167.0
-93.0, 133.0, 167.0
-92.0, 134.0, 167.0
-91.0, 134.0, 167.0
-90.0, 134.0, 167.0
-89.0, 134.0, 167.0
-89.0, 134.0, 167.0
-88.0, 135.0, 167.0
-87.0, 135.0, 167.0
-86.0, 135.0, 167.0
-85.0, 135.0, 167.0
-84.0, 135.0, 167.0
-83.0, 136.0, 168.0
-83.0, 136.0, 168.0
-82.0, 136.0, 168.0
-81.0, 136.0, 168.0
-80.0, 137.0, 168.0
-79.0, 137.0, 168.0
-78.0, 137.0, 168.0
-77.0, 137.0, 168.0
-76.0, 137.0, 168.0
-75.0, 138.0, 168.0
-74.0, 138.0, 168.0
-73.0, 138.0, 168.0
-72.0, 138.0, 168.0
-71.0, 138.0, 169.0
-70.0, 139.0, 169.0
-69.0, 139.0, 169.0
-68.0, 139.0, 169.0
-67.0, 139.0, 169.0
-66.0, 140.0, 169.0
-65.0, 140.0, 169.0
-63.0, 140.0, 169.0
-62.0, 140.0, 169.0
-61.0, 140.0, 169.0
-60.0, 141.0, 169.0
-59.0, 141.0, 169.0
-58.0, 141.0, 169.0
-57.0, 141.0, 169.0
-55.0, 141.0, 169.0
-54.0, 142.0, 170.0
-53.0, 142.0, 170.0
-52.0, 142.0, 170.0
-50.0, 142.0, 170.0
-49.0, 143.0, 170.0
-48.0, 143.0, 170.0
-47.0, 143.0, 170.0
-45.0, 143.0, 170.0
-44.0, 143.0, 170.0
-43.0, 144.0, 170.0
-41.0, 144.0, 170.0
-40.0, 144.0, 170.0
-39.0, 144.0, 170.0
-37.0, 144.0, 170.0
-36.0, 145.0, 170.0
-35.0, 145.0, 171.0
-33.0, 145.0, 171.0
-32.0, 145.0, 171.0
-30.0, 146.0, 171.0
-29.0, 146.0, 171.0
-28.0, 146.0, 171.0
-26.0, 146.0, 171.0
-25.0, 146.0, 171.0
-23.0, 147.0, 171.0
-22.0, 147.0, 171.0
-20.0, 147.0, 171.0
-19.0, 147.0, 171.0
-17.0, 147.0, 171.0
-16.0, 148.0, 171.0
-14.0, 148.0, 171.0
-12.0, 148.0, 171.0
-11.0, 148.0, 172.0
-9.0, 148.0, 172.0
-8.0, 149.0, 172.0
-6.0, 149.0, 172.0
-4.0, 149.0, 172.0
-3.0, 149.0, 172.0
-1.0, 150.0, 172.0
1.0, 150.0, 172.0
2.0, 150.0, 172.0
4.0, 150.0, 172.0
6.0, 150.0, 172.0
8.0, 151.0, 172.0
9.0, 151.0, 172.0
11.0, 151.0, 172.0
13.0, 151.0, 172.0
14.0, 151.0, 172.0
15.0, 152.0, 173.0
17.0, 152.0, 173.0
18.0, 152.0, 173.0
19.0, 152.0, 173.0
20.0, 152.0, 173.0
22.0, 153.0, 173.0
23.0, 153.0, 173.0
24.0, 153.0, 173.0
25.0, 153.0, 173.0
26.0, 153.0, 173.0
27.0, 154.0, 173.0
27.0, 154.0, 173.0
28.0, 154.0, 173.0
29.0, 154.0, 173.0
30.0, 155.0, 173.0
31.0, 155.0, 173.0
32.0, 155.0, 173.0
33.0, 155.0, 173.0
33.0, 155.0, 174.0
34.0, 156.0, 174.0
35.0, 156.0, 174.0
36.0, 156.0, 174.0
36.0, 156.0, 174.0
37.0, 156.0, 174.0
38.0, 157.0, 174.0
39.0, 157.0, 174.0
39.0, 157.0, 174.0
40.0, 157.0, 174.0
41.0, 157.0, 174.0
41.0, 158.0, 174.0
42.0, 158.0, 174.0
43.0, 158.0, 174.0
44.0, 158.0, 174.0
44.0, 158.0, 174.0
45.0, 159.0, 174.0
45.0, 159.0, 174.0
46.0, 159.0, 175.0
47.0, 159.0, 175.0
47.0, 159.0, 175.0
48.0, 160.0, 175.0
49.0, 160.0, 175.0
49.0, 160.0, 175.0
50.0, 160.0, 175.0
51.0, 160.0, 175.0
51.0, 161.0, 175.0
52.0, 161.0, 175.0
52.0, 161.0, 175.0
53.0, 161.0, 175.0
54.0, 161.0, 175.0
54.0, 162.0, 175.0
55.0, 162.0, 175.0
55.0, 162.0, 175.0
56.0, 162.0, 175.0
56.0, 162.0, 175.0
57.0, 163.0, 175.0
58.0, 163.0, 176.0
58.0, 163.0, 176.0
59.0, 163.0, 176.0
59.0, 163.0, 176.0
60.0, 164.0, 176.0
60.0, 164.0, 176.0
61.0, 164.0, 176.0
61.0, 164.0, 176.0
62.0, 164.0, 176.0
63.0, 165.0, 176.0
63.0, 165.0, 176.0
64.0, 165.0, 176.0
64.0, 165.0, 176.0
65.0, 165.0, 176.0
65.0, 166.0, 176.0
66.0, 166.0, 176.0
66.0, 166.0, 176.0
67.0, 166.0, 176.0
67.0, 166.0, 177.0
68.0, 166.0, 177.0
68.0, 167.0, 177.0
69.0, 167.0, 177.0
69.0, 167.0, 177.0
70.0, 167.0, 177.0
70.0, 167.0, 177.0
71.0, 168.0, 177.0
71.0, 168.0, 177.0
72.0, 168.0, 177.0
73.0, 168.0, 177.0
73.0, 168.0, 177.0
74.0, 169.0, 177.0
74.0, 169.0, 177.0
75.0, 169.0, 177.0
75.0, 169.0, 177.0
76.0, 169.0, 177.0
76.0, 170.0, 177.0
77.0, 170.0, 177.0
77.0, 170.0, 178.0
78.0, 170.0, 178.0
78.0, 170.0, 178.0
79.0, 171.0, 178.0
79.0, 171.0, 178.0
80.0, 171.0, 178.0
80.0, 171.0, 178.0
80.0, 171.0, 178.0
81.0, 171.0, 178.0
81.0, 172.0, 178.0
82.0, 172.0, 178.0
82.0, 172.0, 178.0
83.0, 172.0, 178.0
83.0, 172.0, 178.0
84.0, 173.0, 178.0
84.0, 173.0, 178.0
85.0, 173.0, 178.0
85.0, 173.0, 178.0
86.0, 173.0, 179.0
86.0, 174.0, 179.0
87.0, 174.0, 179.0
87.0, 174.0, 179.0
88.0, 174.0, 179.0
88.0, 174.0, 179.0
89.0, 174.0, 179.0
89.0, 175.0, 179.0
90.0, 175.0, 179.0
90.0, 175.0, 179.0
91.0, 175.0, 179.0
91.0, 175.0, 179.0
91.0, 176.0, 179.0
92.0, 176.0, 179.0
92.0, 176.0, 179.0
93.0, 176.0, 179.0
93.0, 176.0, 179.0
94.0, 176.0, 179.0
94.0, 177.0, 180.0
95.0, 177.0, 180.0
95.0, 177.0, 180.0
96.0, 177.0, 180.0
96.0, 177.0, 180.0
97.0, 178.0, 180.0
97.0, 178.0, 180.0
97.0, 178.0, 180.0
98.0, 178.0, 180.0
98.0, 178.0, 180.0
99.0, 178.0, 180.0
99.0, 179.0, 180.0
100.0, 179.0, 180.0
100.0, 179.0, 180.0
101.0, 179.0, 180.0
101.0, 179.0, 180.0
102.0, 180.0, 180.0
102.0, 180.0, 181.0
103.0, 180.0, 181.0
103.0, 180.0, 181.0
103.0, 180.0, 181.0
104.0, 180.0, 181.0
104.0, 181.0, 181.0
105.0, 181.0, 181.0
105.0, 181.0, 181.0
106.0, 181.0, 181.0
106.0, 181.0, 181.0
107.0, 181.0, 181.0
107.0, 182.0, 181.0
107.0, 182.0, 181.0
108.0, 182.0, 181.0
108.0, 182.0, 181.0
109.0, 182.0, 181.0
109.0, 183.0, 182.0
110.0, 183.0, 182.0
110.0, 183.0, 182.0
111.0, 183.0, 182.0
111.0, 183.0, 182.0
111.0, 183.0, 182.0
112.0, 184.0, 182.0
112.0, 184.0, 182.0
113.0, 184.0, 182.0
113.0, 184.0, 182.0
114.0, 184.0, 182.0
114.0, 184.0, 182.0
115.0, 185.0, 182.0
115.0, 185.0, 182.0
115.0, 185.0, 182.0
116.0, 185.0, 183.0
116.0, 185.0, 183.0
117.0, 185.0, 183.0
117.0, 186.0, 183.0
118.0, 186.0, 183.0
118.0, 186.0, 183.0
118.0, 186.0, 183.0
119.0, 186.0, 183.0
119.0, 186.0, 183.0
120.0, 187.0, 183.0
120.0, 187.0, 183.0
121.0, 187.0, 183.0
121.0, 187.0, 183.0
122.0, 187.0, 183.0
122.0, 187.0, 184.0
122.0, 188.0, 184.0
123.0, 188.0, 184.0
123.0, 188.0, 184.0
124.0, 188.0, 184.0
124.0, 188.0, 184.0
125.0, 188.0, 184.0
125.0, 189.0, 184.0
125.0, 189.0, 184.0
126.0, 189.0, 184.0
126.0, 189.0, 184.0
127.0, 189.0, 184.0
127.0, 189.0, 184.0
128.0, 190.0, 185.0
128.0, 190.0, 185.0
128.0, 190.0, 185.0
129.0, 190.0, 185.0
129.0, 190.0, 185.0
130.0, 190.0, 185.0
130.0, 190.0, 185.0
131.0, 191.0, 185.0
131.0, 191.0, 185.0
131.0, 191.0, 185.0
132.0, 191.0, 185.0
132.0, 191.0, 185.0
133.0, 191.0, 185.0
133.0, 192.0, 186.0
133.0, 192.0, 186.0
134.0, 192.0, 186.0
134.0, 192.0, 186.0
135.0, 192.0, 186.0
135.0, 192.0, 186.0
136.0, 193.0, 186.0
136.0, 193.0, 186.0
136.0, 193.0, 186.0
137.0, 193.0, 186.0
137.0, 193.0, 186.0
138.0, 193.0, 186.0
138.0, 193.0, 187.0
138.0, 194.0, 187.0
139.0, 194.0, 187.0
139.0, 194.0, 187.0
140.0, 194.0, 187.0
140.0, 194.0, 187.0
141.0, 194.0, 187.0
141.0, 195.0, 187.0
141.0, 195.0, 187.0
142.0, 195.0, 187.0
142.0, 195.0, 187.0
143.0, 195.0, 188.0
143.0, 195.0, 188.0
143.0, 195.0, 188.0
144.0, 196.0, 188.0
144.0, 196.0, 188.0
145.0, 196.0, 188.0
145.0, 196.0, 188.0
146.0, 196.0, 188.0
146.0, 196.0, 188.0
146.0, 196.0, 188.0
147.0, 197.0, 188.0
147.0, 197.0, 189.0
148.0, 197.0, 189.0
148.0, 197.0, 189.0
148.0, 197.0, 189.0
149.0, 197.0, 189.0
149.0, 197.0, 189.0
150.0, 198.0, 189.0
150.0, 198.0, 189.0
150.0, 198.0, 189.0
151.0, 198.0, 189.0
151.0, 198.0, 190.0
152.0, 198.0, 190.0
152.0, 199.0, 190.0
152.0, 199.0, 190.0
153.0, 199.0, 190.0
153.0, 199.0, 190.0
154.0, 199.0, 190.0
154.0, 199.0, 190.0
154.0, 199.0, 190.0
155.0, 199.0, 190.0
155.0, 200.0, 191.0
156.0, 200.0, 191.0
156.0, 200.0, 191.0
156.0, 200.0, 191.0
157.0, 200.0, 191.0
157.0, 200.0, 191.0
158.0, 200.0, 191.0
158.0, 201.0, 191.0
158.0, 201.0, 191.0
159.0, 201.0, 192.0
159.0, 201.0, 192.0
160.0, 201.0, 192.0
160.0, 201.0, 192.0
160.0, 201.0, 192.0
161.0, 202.0, 192.0
161.0, 202.0, 192.0
162.0, 202.0, 192.0
162.0, 202.0, 192.0
162.0, 202.0, 193.0
163.0, 202.0, 193.0
163.0, 202.0, 193.0
164.0, 203.0, 193.0
164.0, 203.0, 193.0
164.0, 203.0, 193.0
165.0, 203.0, 193.0
165.0, 203.0, 193.0
166.0, 203.0, 194.0
166.0, 203.0, 194.0
166.0, 203.0, 194.0
167.0, 204.0, 194.0
167.0, 204.0, 194.0
167.0, 204.0, 194.0
168.0, 204.0, 194.0
168.0, 204.0, 194.0
169.0, 204.0, 194.0
169.0, 204.0, 195.0
169.0, 204.0, 195.0
170.0, 205.0, 195.0
170.0, 205.0, 195.0
171.0, 205.0, 195.0
171.0, 205.0, 195.0
171.0, 205.0, 195.0
172.0, 205.0, 196.0
172.0, 205.0, 196.0
172.0, 206.0, 196.0
173.0, 206.0, 196.0
173.0, 206.0, 196.0
174.0, 206.0, 196.0
174.0, 206.0, 196.0
174.0, 206.0, 196.0
175.0, 206.0, 197.0
175.0, 206.0, 197.0
175.0, 207.0, 197.0
176.0, 207.0, 197.0
176.0, 207.0, 197.0
177.0, 207.0, 197.0
177.0, 207.0, 197.0
177.0, 207.0, 197.0
178.0, 207.0, 198.0
178.0, 207.0, 198.0
178.0, 208.0, 198.0
179.0, 208.0, 198.0
179.0, 208.0, 198.0
180.0, 208.0, 198.0
180.0, 208.0, 198.0
180.0, 208.0, 199.0
181.0, 208.0, 199.0
181.0, 208.0, 199.0
181.0, 208.0, 199.0
182.0, 209.0, 199.0
182.0, 209.0, 199.0
183.0, 209.0, 199.0
183.0, 209.0, 200.0
183.0, 209.0, 200.0
184.0, 209.0, 200.0
184.0, 209.0, 200.0
184.0, 209.0, 200.0
185.0, 210.0, 200.0
185.0, 210.0, 200.0
185.0, 210.0, 201.0
186.0, 210.0, 201.0
186.0, 210.0, 201.0
187.0, 210.0, 201.0
187.0, 210.0, 201.0
187.0, 210.0, 201.0
188.0, 210.0, 202.0
188.0, 211.0, 202.0
188.0, 211.0, 202.0
189.0, 211.0, 202.0
189.0, 211.0, 202.0
189.0, 211.0, 202.0
190.0, 211.0, 202.0
190.0, 211.0, 203.0
190.0, 211.0, 203.0
191.0, 211.0, 203.0
191.0, 212.0, 203.0
192.0, 212.0, 203.0
192.0, 212.0, 203.0
192.0, 212.0, 204.0
193.0, 212.0, 204.0
193.0, 212.0, 204.0
193.0, 212.0, 204.0
194.0, 212.0, 204.0
194.0, 212.0, 204.0
194.0, 213.0, 205.0
195.0, 213.0, 205.0
195.0, 213.0, 205.0
195.0, 213.0, 205.0
196.0, 213.0, 205.0
196.0, 213.0, 205.0
196.0, 213.0, 206.0
197.0, 213.0, 206.0
197.0, 213.0, 206.0
197.0, 214.0, 206.0
198.0, 214.0, 206.0
198.0, 214.0, 206.0
198.0, 214.0, 207.0
199.0, 214.0, 207.0
199.0, 214.0, 207.0
199.0, 214.0, 207.0
200.0, 214.0, 207.0
200.0, 214.0, 207.0
200.0, 214.0, 208.0
201.0, 215.0, 208.0
201.0, 215.0, 208.0
201.0, 215.0, 208.0
202.0, 215.0, 208.0
202.0, 215.0, 209.0
202.0, 215.0, 209.0
203.0, 215.0, 209.0
203.0, 215.0, 209.0
203.0, 215.0, 209.0
204.0, 215.0, 209.0
204.0, 216.0, 210.0
204.0, 216.0, 210.0
205.0, 216.0, 210.0
205.0, 216.0, 210.0
205.0, 216.0, 210.0
206.0, 216.0, 211.0
206.0, 216.0, 211.0
206.0, 216.0, 211.0
207.0, 216.0, 211.0
207.0, 216.0, 211.0
207.0, 217.0, 211.0
208.0, 217.0, 212.0
208.0, 217.0, 212.0
208.0, 217.0, 212.0
209.0, 217.0, 212.0
209.0, 217.0, 212.0
209.0, 217.0, 213.0
209.0, 217.0, 213.0
210.0, 217.0, 213.0
210.0, 217.0, 213.0
210.0, 218.0, 213.0
211.0, 218.0, 214.0
211.0, 218.0, 214.0
211.0, 218.0, 214.0
212.0, 218.0, 214.0
212.0, 218.0, 214.0
212.0, 218.0, 215.0
213.0, 218.0, 215.0
213.0, 218.0, 215.0
213.0, 218.0, 215.0
213.0, 218.0, 215.0
214.0, 219.0, 216.0
214.0, 219.0, 216.0
214.0, 219.0, 216.0
215.0, 219.0, 216.0
215.0, 219.0, 216.0
215.0, 219.0, 217.0
216.0, 219.0, 217.0
216.0, 219.0, 217.0
216.0, 219.0, 217.0
216.0, 219.0, 217.0
217.0, 219.0, 218.0
217.0, 220.0, 218.0
217.0, 220.0, 218.0
218.0, 220.0, 218.0
218.0, 220.0, 219.0
218.0, 220.0, 219.0
218.0, 220.0, 219.0
219.0, 220.0, 219.0
219.0, 220.0, 219.0
219.0, 220.0, 220.0
220.0, 220.0, 220.0
220.0, 220.0, 220.0
220.0, 221.0, 220.0
220.0, 221.0, 220.0
221.0, 221.0, 221.0
221.0, 221.0, 221.0
221.0, 221.0, 220.0
221.0, 221.0, 220.0
221.0, 220.0, 220.0
222.0, 220.0, 220.0
222.0, 220.0, 220.0
222.0, 220.0, 220.0
222.0, 220.0, 220.0
222.0, 220.0, 220.0
223.0, 220.0, 220.0
223.0, 220.0, 220.0
223.0, 220.0, 220.0
223.0, 220.0, 219.0
223.0, 220.0, 219.0
224.0, 220.0, 219.0
224.0, 220.0, 219.0
224.0, 220.0, 219.0
224.0, 220.0, 219.0
224.0, 220.0, 219.0
225.0, 220.0, 219.0
225.0, 220.0, 219.0
225.0, 219.0, 219.0
225.0, 219.0, 218.0
225.0, 219.0, 218.0
226.0, 219.0, 218.0
226.0, 219.0, 218.0
226.0, 219.0, 218.0
226.0, 219.0, 218.0
226.0, 219.0, 218.0
227.0, 219.0, 218.0
227.0, 219.0, 218.0
227.0, 219.0, 218.0
227.0, 219.0, 217.0
227.0, 219.0, 217.0
228.0, 219.0, 217.0
228.0, 219.0, 217.0
228.0, 219.0, 217.0
228.0, 218.0, 217.0
228.0, 218.0, 217.0
228.0, 218.0, 217.0
229.0, 218.0, 217.0
229.0, 218.0, 217.0
229.0, 218.0, 216.0
229.0, 218.0, 216.0
229.0, 218.0, 216.0
230.0, 218.0, 216.0
230.0, 218.0, 216.0
230.0, 218.0, 216.0
230.0, 218.0, 216.0
230.0, 218.0, 216.0
230.0, 218.0, 216.0
231.0, 218.0, 215.0
231.0, 217.0, 215.0
231.0, 217.0, 215.0
231.0, 217.0, 215.0
231.0, 217.0, 215.0
232.0, 217.0, 215.0
232.0, 217.0, 215.0
232.0, 217.0, 215.0
232.0, 217.0, 215.0
232.0, 217.0, 214.0
232.0, 217.0, 214.0
233.0, 217.0, 214.0
233.0, 217.0, 214.0
233.0, 217.0, 214.0
233.0, 217.0, 214.0
233.0, 216.0, 214.0
233.0, 216.0, 214.0
234.0, 216.0, 214.0
234.0, 216.0, 213.0
234.0, 216.0, 213.0
234.0, 216.0, 213.0
234.0, 216.0, 213.0
234.0, 216.0, 213.0
235.0, 216.0, 213.0
235.0, 216.0, 213.0
235.0, 216.0, 213.0
235.0, 216.0, 213.0
235.0, 216.0, 212.0
235.0, 216.0, 212.0
236.0, 215.0, 212.0
236.0, 215.0, 212.0
236.0, 215.0, 212.0
236.0, 215.0, 212.0
236.0, 215.0, 212.0
236.0, 215.0, 212.0
237.0, 215.0, 212.0
237.0, 215.0, 211.0
237.0, 215.0, 211.0
237.0, 215.0, 211.0
237.0, 215.0, 211.0
237.0, 215.0, 211.0
238.0, 214.0, 211.0
238.0, 214.0, 211.0
238.0, 214.0, 211.0
238.0, 214.0, 210.0
238.0, 214.0, 210.0
238.0, 214.0, 210.0
239.0, 214.0, 210.0
239.0, 214.0, 210.0
239.0, 214.0, 210.0
239.0, 214.0, 210.0
239.0, 214.0, 210.0
239.0, 214.0, 210.0
239.0, 214.0, 209.0
240.0, 213.0, 209.0
240.0, 213.0, 209.0
240.0, 213.0, 209.0
240.0, 213.0, 209.0
240.0, 213.0, 209.0
240.0, 213.0, 209.0
241.0, 213.0, 209.0
241.0, 213.0, 208.0
241.0, 213.0, 208.0
241.0, 213.0, 208.0
241.0, 213.0, 208.0
241.0, 212.0, 208.0
241.0, 212.0, 208.0
242.0, 212.0, 208.0
242.0, 212.0, 208.0
242.0, 212.0, 207.0
242.0, 212.0, 207.0
242.0, 212.0, 207.0
242.0, 212.0, 207.0
242.0, 212.0, 207.0
243.0, 212.0, 207.0
243.0, 212.0, 207.0
243.0, 211.0, 207.0
243.0, 211.0, 206.0
243.0, 211.0, 206.0
243.0, 211.0, 206.0
243.0, 211.0, 206.0
244.0, 211.0, 206.0
244.0, 211.0, 206.0
244.0, 211.0, 206.0
244.0, 211.0, 206.0
244.0, 211.0, 205.0
244.0, 211.0, 205.0
244.0, 210.0, 205.0
245.0, 210.0, 205.0
245.0, 210.0, 205.0
245.0, 210.0, 205.0
245.0, 210.0, 205.0
245.0, 210.0, 204.0
245.0, 210.0, 204.0
245.0, 210.0, 204.0
246.0, 210.0, 204.0
246.0, 210.0, 204.0
246.0, 209.0, 204.0
246.0, 209.0, 204.0
246.0, 209.0, 204.0
246.0, 209.0, 203.0
246.0, 209.0, 203.0
246.0, 209.0, 203.0
247.0, 209.0, 203.0
247.0, 209.0, 203.0
247.0, 209.0, 203.0
247.0, 209.0, 203.0
247.0, 208.0, 203.0
247.0, 208.0, 202.0
247.0, 208.0, 202.0
247.0, 208.0, 202.0
248.0, 208.0, 202.0
248.0, 208.0, 202.0
248.0, 208.0, 202.0
248.0, 208.0, 202.0
248.0, 208.0, 201.0
248.0, 208.0, 201.0
248.0, 207.0, 201.0
248.0, 207.0, 201.0
249.0, 207.0, 201.0
249.0, 207.0, 201.0
249.0, 207.0, 201.0
249.0, 207.0, 200.0
249.0, 207.0, 200.0
249.0, 207.0, 200.0
249.0, 207.0, 200.0
249.0, 207.0, 200.0
250.0, 206.0, 200.0
250.0, 206.0, 200.0
250.0, 206.0, 200.0
250.0, 206.0, 199.0
250.0, 206.0, 199.0
250.0, 206.0, 199.0
250.0, 206.0, 199.0
250.0, 206.0, 199.0
250.0, 206.0, 199.0
251.0, 205.0, 199.0
251.0, 205.0, 198.0
251.0, 205.0, 198.0
251.0, 205.0, 198.0
251.0, 205.0, 198.0
251.0, 205.0, 198.0
251.0, 205.0, 198.0
251.0, 205.0, 198.0
251.0, 205.0, 197.0
252.0, 204.0, 197.0
252.0, 204.0, 197.0
252.0, 204.0, 197.0
252.0, 204.0, 197.0
252.0, 204.0, 197.0
252.0, 204.0, 197.0
252.0, 204.0, 196.0
252.0, 204.0, 196.0
252.0, 204.0, 196.0
253.0, 203.0, 196.0
253.0, 203.0, 196.0
253.0, 203.0, 196.0
253.0, 203.0, 196.0
253.0, 203.0, 195.0
253.0, 203.0, 195.0
253.0, 203.0, 195.0
253.0, 203.0, 195.0
253.0, 202.0, 195.0
254.0, 202.0, 195.0
254.0, 202.0, 195.0
254.0, 202.0, 194.0
254.0, 202.0, 194.0
254.0, 202.0, 194.0
254.0, 202.0, 194.0
254.0, 202.0, 194.0
254.0, 202.0, 194.0
254.0, 201.0, 193.0
254.0, 201.0, 193.0
255.0, 201.0, 193.0
255.0, 201.0, 193.0
255.0, 201.0, 193.0
255.0, 201.0, 193.0
255.0, 201.0, 193.0
255.0, 201.0, 192.0
255.0, 200.0, 192.0
255.0, 200.0, 192.0
255.0, 200.0, 192.0
255.0, 200.0, 192.0
255.0, 200.0, 192.0
256.0, 200.0, 192.0
256.0, 200.0, 191.0
256.0, 200.0, 191.0
256.0, 199.0, 191.0
256.0, 199.0, 191.0
256.0, 199.0, 191.0
256.0, 199.0, 191.0
256.0, 199.0, 190.0
256.0, 199.0, 190.0
256.0, 199.0, 190.0
256.0, 199.0, 190.0
257.0, 198.0, 190.0
257.0, 198.0, 190.0
257.0, 198.0, 190.0
257.0, 198.0, 189.0
257.0, 198.0, 189.0
257.0, 198.0, 189.0
257.0, 198.0, 189.0
257.0, 198.0, 189.0
257.0, 197.0, 189.0
257.0, 197.0, 188.0
257.0, 197.0, 188.0
257.0, 197.0, 188.0
258.0, 197.0, 188.0
258.0, 197.0, 188.0
258.0, 197.0, 188.0
258.0, 196.0, 188.0
258.0, 196.0, 187.0
258.0, 196.0, 187.0
258.0, 196.0, 187.0
258.0, 196.0, 187.0
258.0, 196.0, 187.0
258.0, 196.0, 187.0
258.0, 196.0, 186.0
258.0, 195.0, 186.0
258.0, 195.0, 186.0
259.0, 195.0, 186.0
259.0, 195.0, 186.0
259.0, 195.0, 186.0
259.0, 195.0, 186.0
259.0, 195.0, 185.0
259.0, 194.0, 185.0
259.0, 194.0, 185.0
259.0, 194.0, 185.0
259.0, 194.0, 185.0
259.0, 194.0, 185.0
259.0, 194.0, 184.0
259.0, 194.0, 184.0
259.0, 194.0, 184.0
259.0, 193.0, 184.0
260.0, 193.0, 184.0
260.0, 193.0, 184.0
260.0, 193.0, 183.0
260.0, 193.0, 183.0
260.0, 193.0, 183.0
260.0, 193.0, 183.0
260.0, 192.0, 183.0
260.0, 192.0, 183.0
260.0, 192.0, 182.0
260.0, 192.0, 182.0
260.0, 192.0, 182.0
260.0, 192.0, 182.0
260.0, 192.0, 182.0
260.0, 191.0, 182.0
260.0, 191.0, 181.0
261.0, 191.0, 181.0
261.0, 191.0, 181.0
261.0, 191.0, 181.0
261.0, 191.0, 181.0
261.0, 191.0, 181.0
261.0, 190.0, 180.0
261.0, 190.0, 180.0
261.0, 190.0, 180.0
261.0, 190.0, 180.0
261.0, 190.0, 180.0
261.0, 190.0, 180.0
261.0, 190.0, 179.0
261.0, 189.0, 179.0
261.0, 189.0, 179.0
261.0, 189.0, 179.0
261.0, 189.0, 179.0
261.0, 189.0, 179.0
262.0, 189.0, 178.0
262.0, 189.0, 178.0
262.0, 188.0, 178.0
262.0, 188.0, 178.0
262.0, 188.0, 178.0
262.0, 188.0, 178.0
262.0, 188.0, 177.0
262.0, 188.0, 177.0
262.0, 187.0, 177.0
262.0, 187.0, 177.0
262.0, 187.0, 177.0
262.0, 187.0, 177.0
262.0, 187.0, 176.0
262.0, 187.0, 176.0
262.0, 187.0, 176.0
262.0, 186.0, 176.0
262.0, 186.0, 176.0
262.0, 186.0, 176.0
262.0, 186.0, 175.0
262.0, 186.0, 175.0
263.0, 186.0, 175.0
263.0, 186.0, 175.0
263.0, 185.0, 175.0
263.0, 185.0, 175.0
263.0, 185.0, 174.0
263.0, 185.0, 174.0
263.0, 185.0, 174.0
263.0, 185.0, 174.0
263.0, 184.0, 174.0
263.0, 184.0, 174.0
263.0, 184.0, 173.0
263.0, 184.0, 173.0
263.0, 184.0, 173.0
263.0, 184.0, 173.0
263.0, 184.0, 173.0
263.0, 183.0, 173.0
263.0, 183.0, 172.0
263.0, 183.0, 172.0
263.0, 183.0, 172.0
263.0, 183.0, 172.0
263.0, 183.0, 172.0
263.0, 182.0, 171.0
263.0, 182.0, 171.0
263.0, 182.0, 171.0
263.0, 182.0, 171.0
264.0, 182.0, 171.0
264.0, 182.0, 171.0
264.0, 181.0, 170.0
264.0, 181.0, 170.0
264.0, 181.0, 170.0
264.0, 181.0, 170.0
264.0, 181.0, 170.0
264.0, 181.0, 170.0
264.0, 180.0, 169.0
264.0, 180.0, 169.0
264.0, 180.0, 169.0
264.0, 180.0, 169.0
264.0, 180.0, 169.0
264.0, 180.0, 168.0
264.0, 180.0, 168.0
264.0, 179.0, 168.0
264.0, 179.0, 168.0
264.0, 179.0, 168.0
264.0, 179.0, 168.0
264.0, 179.0, 167.0
264.0, 179.0, 167.0
264.0, 178.0, 167.0
264.0, 178.0, 167.0
264.0, 178.0, 167.0
264.0, 178.0, 167.0
264.0, 178.0, 166.0
264.0, 178.0, 166.0
264.0, 177.0, 166.0
264.0, 177.0, 166.0
264.0, 177.0, 166.0
264.0, 177.0, 165.0
264.0, 177.0, 165.0
264.0, 177.0, 165.0
264.0, 176.0, 165.0
264.0, 176.0, 165.0
264.0, 176.0, 165.0
264.0, 176.0, 164.0
264.0, 176.0, 164.0
264.0, 176.0, 164.0
264.0, 175.0, 164.0
264.0, 175.0, 164.0
265.0, 175.0, 163.0
265.0, 175.0, 163.0
265.0, 175.0, 163.0
265.0, 174.0, 163.0
265.0, 174.0, 163.0
265.0, 174.0, 163.0
265.0, 174.0, 162.0
265.0, 174.0, 162.0
265.0, 174.0, 162.0
265.0, 173.0, 162.0
265.0, 173.0, 162.0
265.0, 173.0, 161.0
265.0, 173.0, 161.0
265.0, 173.0, 161.0
265.0, 173.0, 161.0
265.0, 172.0, 161.0
265.0, 172.0, 161.0
265.0, 172.0, 160.0
265.0, 172.0, 160.0
265.0, 172.0, 160.0
265.0, 172.0, 160.0
265.0, 171.0, 160.0
265.0, 171.0, 159.0
265.0, 171.0, 159.0
265.0, 171.0, 159.0
265.0, 171.0, 159.0
265.0, 170.0, 159.0
265.0, 170.0, 158.0
265.0, 170.0, 158.0
265.0, 170.0, 158.0
265.0, 170.0, 158.0
265.0, 170.0, 158.0
265.0, 169.0, 158.0
265.0, 169.0, 157.0
265.0, 169.0, 157.0
265.0, 169.0, 157.0
265.0, 169.0, 157.0
265.0, 169.0, 157.0
265.0, 168.0, 156.0
265.0, 168.0, 156.0
265.0, 168.0, 156.0
265.0, 168.0, 156.0
265.0, 168.0, 156.0
265.0, 167.0, 155.0
265.0, 167.0, 155.0
265.0, 167.0, 155.0
265.0, 167.0, 155.0
265.0, 167.0, 155.0
265.0, 167.0, 155.0
265.0, 166.0, 154.0
265.0, 166.0, 154.0
265.0, 166.0, 154.0
265.0, 166.0, 154.0
265.0, 166.0, 154.0
265.0, 165.0, 153.0
265.0, 165.0, 153.0
265.0, 165.0, 153.0
265.0, 165.0, 153.0
265.0, 165.0, 153.0
265.0, 164.0, 152.0
265.0, 164.0, 152.0
265.0, 164.0, 152.0
265.0, 164.0, 152.0
265.0, 164.0, 152.0
265.0, 164.0, 151.0
265.0, 163.0, 151.0
265.0, 163.0, 151.0
265.0, 163.0, 151.0
264.0, 163.0, 151.0
264.0, 163.0, 151.0
264.0, 162.0, 150.0
264.0, 162.0, 150.0
264.0, 162.0, 150.0
264.0, 162.0, 150.0
264.0, 162.0, 150.0
264.0, 161.0, 149.0
264.0, 161.0, 149.0
264.0, 161.0, 149.0
264.0, 161.0, 149.0
264.0, 161.0, 149.0
264.0, 161.0, 148.0
264.0, 160.0, 148.0
264.0, 160.0, 148.0
264.0, 160.0, 148.0
264.0, 160.0, 148.0
264.0, 160.0, 147.0
264.0, 159.0, 147.0
264.0, 159.0, 147.0
264.0, 159.0, 147.0
264.0, 159.0, 147.0
264.0, 159.0, 146.0
264.0, 158.0, 146.0
264.0, 158.0, 146.0
264.0, 158.0, 146.0
264.0, 158.0, 146.0
264.0, 158.0, 145.0
264.0, 157.0, 145.0
264.0, 157.0, 145.0
264.0, 157.0, 145.0
264.0, 157.0, 145.0
264.0, 157.0, 144.0
264.0, 156.0, 144.0
264.0, 156.0, 144.0
264.0, 156.0, 144.0
264.0, 156.0, 144.0
264.0, 156.0, 143.0
264.0, 155.0, 143.0
264.0, 155.0, 143.0
264.0, 155.0, 143.0
264.0, 155.0, 143.0
263.0, 155.0, 142.0
263.0, 154.0, 142.0
263.0, 154.0, 142.0
263.0, 154.0, 142.0
263.0, 154.0, 142.0
263.0, 154.0, 142.0
263.0, 153.0, 141.0
263.0, 153.0, 141.0
263.0, 153.0, 141.0
263.0, 153.0, 141.0
263.0, 153.0, 141.0
263.0, 152.0, 140.0
263.0, 152.0, 140.0
263.0, 152.0, 140.0
263.0, 152.0, 140.0
263.0, 152.0, 140.0
263.0, 151.0, 139.0
263.0, 151.0, 139.0
263.0, 151.0, 139.0
263.0, 151.0, 139.0
263.0, 151.0, 139.0
263.0, 150.0, 138.0
263.0, 150.0, 138.0
263.0, 150.0, 138.0
263.0, 150.0, 138.0
262.0, 150.0, 138.0
262.0, 149.0, 137.0
262.0, 149.0, 137.0
262.0, 149.0, 137.0
262.0, 149.0, 137.0
262.0, 149.0, 137.0
262.0, 148.0, 136.0
262.0, 148.0, 136.0
262.0, 148.0, 136.0
262.0, 148.0, 136.0
262.0, 148.0, 136.0
262.0, 147.0, 135.0
262.0, 147.0, 135.0
262.0, 147.0, 135.0
262.0, 147.0, 135.0
262.0, 147.0, 134.0
262.0, 146.0, 134.0
262.0, 146.0, 134.0
262.0, 146.0, 134.0
262.0, 146.0, 134.0
262.0, 145.0, 133.0
261.0, 145.0, 133.0
261.0, 145.0, 133.0
261.0, 145.0, 133.0
261.0, 145.0, 133.0
261.0, 144.0, 132.0
261.0, 144.0, 132.0
261.0, 144.0, 132.0
261.0, 144.0, 132.0
261.0, 144.0, 132.0
261.0, 143.0, 131.0
261.0, 143.0, 131.0
261.0, 143.0, 131.0
261.0, 143.0, 131.0
261.0, 143.0, 131.0
261.0, 142.0, 130.0
261.0, 142.0, 130.0
261.0, 142.0, 130.0
260.0, 142.0, 130.0
260.0, 141.0, 130.0
260.0, 141.0, 129.0
260.0, 141.0, 129.0
260.0, 141.0, 129.0
260.0, 141.0, 129.0
260.0, 140.0, 129.0
260.0, 140.0, 128.0
260.0, 140.0, 128.0
260.0, 140.0, 128.0
260.0, 140.0, 128.0
260.0, 139.0, 128.0
260.0, 139.0, 127.0
260.0, 139.0, 127.0
260.0, 139.0, 127.0
260.0, 138.0, 127.0
259.0, 138.0, 127.0
259.0, 138.0, 126.0
259.0, 138.0, 126.0
259.0, 138.0, 126.0
259.0, 137.0, 126.0
259.0, 137.0, 126.0
259.0, 137.0, 125.0
259.0, 137.0, 125.0
259.0, 136.0, 125.0
259.0, 136.0, 125.0
259.0, 136.0, 124.0
259.0, 136.0, 124.0
259.0, 136.0, 124.0
259.0, 135.0, 124.0
258.0, 135.0, 124.0
258.0, 135.0, 123.0
258.0, 135.0, 123.0
258.0, 134.0, 123.0
258.0, 134.0, 123.0
258.0, 134.0, 123.0
258.0, 134.0, 122.0
258.0, 134.0, 122.0
258.0, 133.0, 122.0
258.0, 133.0, 122.0
258.0, 133.0, 122.0
258.0, 133.0, 121.0
258.0, 132.0, 121.0
257.0, 132.0, 121.0
257.0, 132.0, 121.0
257.0, 132.0, 121.0
257.0, 132.0, 120.0
257.0, 131.0, 120.0
257.0, 131.0, 120.0
257.0, 131.0, 120.0
257.0, 131.0, 119.0
257.0, 130.0, 119.0
257.0, 130.0, 119.0
257.0, 130.0, 119.0
257.0, 130.0, 119.0
257.0, 130.0, 118.0
256.0, 129.0, 118.0
256.0, 129.0, 118.0
256.0, 129.0, 118.0
256.0, 129.0, 118.0
256.0, 128.0, 117.0
256.0, 128.0, 117.0
256.0, 128.0, 117.0
256.0, 128.0, 117.0
256.0, 128.0, 117.0
256.0, 127.0, 116.0
256.0, 127.0, 116.0
255.0, 127.0, 116.0
255.0, 127.0, 116.0
255.0, 126.0, 115.0
255.0, 126.0, 115.0
255.0, 126.0, 115.0
255.0, 126.0, 115.0
255.0, 125.0, 115.0
255.0, 125.0, 114.0
255.0, 125.0, 114.0
255.0, 125.0, 114.0
255.0, 124.0, 114.0
254.0, 124.0, 114.0
254.0, 124.0, 113.0
254.0, 124.0, 113.0
254.0, 124.0, 113.0
254.0, 123.0, 113.0
254.0, 123.0, 113.0
254.0, 123.0, 112.0
254.0, 123.0, 112.0
254.0, 122.0, 112.0
254.0, 122.0, 112.0
254.0, 122.0, 111.0
253.0, 122.0, 111.0
253.0, 121.0, 111.0
253.0, 121.0, 111.0
253.0, 121.0, 111.0
253.0, 121.0, 110.0
253.0, 121.0, 110.0
253.0, 120.0, 110.0
253.0, 120.0, 110.0
253.0, 120.0, 110.0
253.0, 120.0, 109.0
252.0, 119.0, 109.0
252.0, 119.0, 109.0
252.0, 119.0, 109.0
252.0, 119.0, 109.0
252.0, 118.0, 108.0
252.0, 118.0, 108.0
252.0, 118.0, 108.0
252.0, 118.0, 108.0
252.0, 117.0, 107.0
252.0, 117.0, 107.0
251.0, 117.0, 107.0
251.0, 117.0, 107.0
251.0, 116.0, 107.0
251.0, 116.0, 106.0
251.0, 116.0, 106.0
251.0, 116.0, 106.0
251.0, 115.0, 106.0
251.0, 115.0, 106.0
251.0, 115.0, 105.0
250.0, 115.0, 105.0
250.0, 114.0, 105.0
250.0, 114.0, 105.0
250.0, 114.0, 104.0
250.0, 114.0, 104.0
250.0, 114.0, 104.0
250.0, 113.0, 104.0
250.0, 113.0, 104.0
250.0, 113.0, 103.0
249.0, 113.0, 103.0
249.0, 112.0, 103.0
249.0, 112.0, 103.0
249.0, 112.0, 103.0
249.0, 112.0, 102.0
249.0, 111.0, 102.0
249.0, 111.0, 102.0
249.0, 111.0, 102.0
249.0, 111.0, 101.0
248.0, 110.0, 101.0
248.0, 110.0, 101.0
248.0, 110.0, 101.0
248.0, 110.0, 101.0
248.0, 109.0, 100.0
248.0, 109.0, 100.0
248.0, 109.0, 100.0
248.0, 109.0, 100.0
247.0, 108.0, 100.0
247.0, 108.0, 99.0
247.0, 108.0, 99.0
247.0, 108.0, 99.0
247.0, 107.0, 99.0
247.0, 107.0, 98.0
247.0, 107.0, 98.0
247.0, 107.0, 98.0
246.0, 106.0, 98.0
246.0, 106.0, 98.0
246.0, 106.0, 97.0
246.0, 106.0, 97.0
246.0, 105.0, 97.0
246.0, 105.0, 97.0
246.0, 105.0, 97.0
246.0, 105.0, 96.0
245.0, 104.0, 96.0
245.0, 104.0, 96.0
245.0, 104.0, 96.0
245.0, 104.0, 95.0
245.0, 103.0, 95.0
245.0, 103.0, 95.0
245.0, 103.0, 95.0
245.0, 102.0, 95.0
244.0, 102.0, 94.0
244.0, 102.0, 94.0
244.0, 102.0, 94.0
244.0, 101.0, 94.0
244.0, 101.0, 94.0
244.0, 101.0, 93.0
244.0, 101.0, 93.0
244.0, 100.0, 93.0
243.0, 100.0, 93.0
243.0, 100.0, 92.0
243.0, 100.0, 92.0
243.0, 99.0, 92.0
243.0, 99.0, 92.0
243.0, 99.0, 92.0
243.0, 99.0, 91.0
242.0, 98.0, 91.0
242.0, 98.0, 91.0
242.0, 98.0, 91.0
242.0, 98.0, 91.0
242.0, 97.0, 90.0
242.0, 97.0, 90.0
242.0, 97.0, 90.0
242.0, 96.0, 90.0
241.0, 96.0, 89.0
241.0, 96.0, 89.0
241.0, 96.0, 89.0
241.0, 95.0, 89.0
241.0, 95.0, 89.0
241.0, 95.0, 88.0
241.0, 95.0, 88.0
240.0, 94.0, 88.0
240.0, 94.0, 88.0
240.0, 94.0, 88.0
240.0, 94.0, 87.0
240.0, 93.0, 87.0
240.0, 93.0, 87.0
240.0, 93.0, 87.0
239.0, 92.0, 86.0
239.0, 92.0, 86.0
239.0, 92.0, 86.0
239.0, 92.0, 86.0
239.0, 91.0, 86.0
239.0, 91.0, 85.0
239.0, 91.0, 85.0
238.0, 91.0, 85.0
238.0, 90.0, 85.0
238.0, 90.0, 85.0
238.0, 90.0, 84.0
238.0, 90.0, 84.0
238.0, 89.0, 84.0
238.0, 89.0, 84.0
237.0, 89.0, 83.0
237.0, 88.0, 83.0
237.0, 88.0, 83.0
237.0, 88.0, 83.0
237.0, 88.0, 83.0
237.0, 87.0, 82.0
237.0, 87.0, 82.0
236.0, 87.0, 82.0
236.0, 86.0, 82.0
236.0, 86.0, 81.0
236.0, 86.0, 81.0
236.0, 86.0, 81.0
236.0, 85.0, 81.0
235.0, 85.0, 81.0
235.0, 85.0, 80.0
235.0, 85.0, 80.0
235.0, 84.0, 80.0
235.0, 84.0, 80.0
235.0, 84.0, 80.0
235.0, 83.0, 79.0
234.0, 83.0, 79.0
234.0, 83.0, 79.0
234.0, 83.0, 79.0
234.0, 82.0, 78.0
234.0, 82.0, 78.0
234.0, 82.0, 78.0
233.0, 81.0, 78.0
233.0, 81.0, 78.0
233.0, 81.0, 77.0
233.0, 81.0, 77.0
233.0, 80.0, 77.0
233.0, 80.0, 77.0
232.0, 80.0, 77.0
232.0, 79.0, 76.0
232.0, 79.0, 76.0
232.0, 79.0, 76.0
232.0, 79.0, 76.0
232.0, 78.0, 75.0
232.0, 78.0, 75.0
231.0, 78.0, 75.0
231.0, 77.0, 75.0
231.0, 77.0, 75.0
231.0, 77.0, 74.0
231.0, 76.0, 74.0
231.0, 76.0, 74.0
230.0, 76.0, 74.0
230.0, 76.0, 74.0
230.0, 75.0, 73.0
230.0, 75.0, 73.0
230.0, 75.0, 73.0
230.0, 74.0, 73.0
229.0, 74.0, 72.0
229.0, 74.0, 72.0
229.0, 74.0, 72.0
229.0, 73.0, 72.0
229.0, 73.0, 72.0
229.0, 73.0, 71.0
228.0, 72.0, 71.0
228.0, 72.0, 71.0
228.0, 72.0, 71.0
228.0, 71.0, 70.0
228.0, 71.0, 70.0
228.0, 71.0, 70.0
227.0, 70.0, 70.0
227.0, 70.0, 70.0
227.0, 70.0, 69.0
227.0, 70.0, 69.0
227.0, 69.0, 69.0
227.0, 69.0, 69.0
226.0, 69.0, 69.0
226.0, 68.0, 68.0
226.0, 68.0, 68.0
226.0, 68.0, 68.0
226.0, 67.0, 68.0
225.0, 67.0, 67.0
225.0, 67.0, 67.0
225.0, 66.0, 67.0
225.0, 66.0, 67.0
225.0, 66.0, 67.0
225.0, 65.0, 66.0
224.0, 65.0, 66.0
224.0, 65.0, 66.0
224.0, 65.0, 66.0
224.0, 64.0, 66.0
224.0, 64.0, 65.0
224.0, 64.0, 65.0
223.0, 63.0, 65.0
223.0, 63.0, 65.0
223.0, 63.0, 64.0
223.0, 62.0, 64.0
223.0, 62.0, 64.0
222.0, 62.0, 64.0
222.0, 61.0, 64.0
222.0, 61.0, 63.0
222.0, 61.0, 63.0
222.0, 60.0, 63.0
222.0, 60.0, 63.0
221.0, 60.0, 63.0
221.0, 59.0, 62.0
221.0, 59.0, 62.0
221.0, 59.0, 62.0
221.0, 58.0, 62.0
220.0, 58.0, 61.0
220.0, 58.0, 61.0
220.0, 57.0, 61.0
220.0, 57.0, 61.0
220.0, 57.0, 61.0
220.0, 56.0, 60.0
219.0, 56.0, 60.0
219.0, 56.0, 60.0
219.0, 55.0, 60.0
219.0, 55.0, 60.0
219.0, 54.0, 59.0
218.0, 54.0, 59.0
218.0, 54.0, 59.0
218.0, 53.0, 59.0
218.0, 53.0, 58.0
218.0, 53.0, 58.0
217.0, 52.0, 58.0
217.0, 52.0, 58.0
217.0, 52.0, 58.0
217.0, 51.0, 57.0
217.0, 51.0, 57.0
217.0, 51.0, 57.0
216.0, 50.0, 57.0
216.0, 50.0, 57.0
216.0, 49.0, 56.0
216.0, 49.0, 56.0
216.0, 49.0, 56.0
215.0, 48.0, 56.0
215.0, 48.0, 56.0
215.0, 48.0, 55.0
215.0, 47.0, 55.0
215.0, 47.0, 55.0
214.0, 46.0, 55.0
214.0, 46.0, 54.0
214.0, 46.0, 54.0
214.0, 45.0, 54.0
214.0, 45.0, 54.0
213.0, 44.0, 54.0
213.0, 44.0, 53.0
213.0, 44.0, 53.0
213.0, 43.0, 53.0
213.0, 43.0, 53.0
212.0, 42.0, 53.0
212.0, 42.0, 52.0
212.0, 42.0, 52.0
212.0, 41.0, 52.0
212.0, 41.0, 52.0
211.0, 40.0, 51.0
211.0, 40.0, 51.0
211.0, 39.0, 51.0
211.0, 39.0, 51.0
211.0, 39.0, 51.0
210.0, 38.0, 50.0
210.0, 38.0, 50.0
210.0, 37.0, 50.0
210.0, 37.0, 50.0
210.0, 36.0, 50.0
209.0, 36.0, 49.0
209.0, 35.0, 49.0
209.0, 35.0, 49.0
209.0, 35.0, 49.0
209.0, 34.0, 49.0
208.0, 34.0, 48.0
208.0, 33.0, 48.0
208.0, 33.0, 48.0
208.0, 32.0, 48.0
208.0, 32.0, 47.0
207.0, 31.0, 47.0
207.0, 31.0, 47.0
207.0, 30.0, 47.0
207.0, 30.0, 47.0
207.0, 29.0, 46.0
206.0, 29.0, 46.0
206.0, 28.0, 46.0
206.0, 27.0, 46.0
206.0, 27.0, 46.0
206.0, 26.0, 45.0
205.0, 26.0, 45.0
205.0, 25.0, 45.0
205.0, 25.0, 45.0
205.0, 24.0, 45.0
204.0, 23.0, 44.0
204.0, 23.0, 44.0
204.0, 22.0, 44.0
204.0, 21.0, 44.0
204.0, 21.0, 44.0
203.0, 20.0, 43.0
203.0, 19.0, 43.0
203.0, 19.0, 43.0
203.0, 18.0, 43.0
203.0, 17.0, 42.0
202.0, 16.0, 42.0
202.0, 16.0, 42.0
202.0, 15.0, 42.0
202.0, 14.0, 42.0
202.0, 13.0, 41.0
201.0, 12.0, 41.0
201.0, 11.0, 41.0
201.0, 10.0, 41.0
201.0, 9.0, 41.0
200.0, 8.0, 40.0
200.0, 7.0, 40.0
200.0, 6.0, 40.0
